{
    "triplets": {
        "('Artem Chigvintsev', 'Athlete', 'California')": -0.0612793946579277,
        "('Cheryl Burke', 'Actor/Actress', 'Unknown')": -0.07266150983465242,
        "('Cheryl Burke', 'Athlete', 'Florida')": -0.03609822332982599,
        "('Cheryl Burke', 'Athlete', 'New York')": -0.04635113976282616,
        "('Derek Hough', 'Actor/Actress', 'Illinois')": -0.03335724981865914,
        "('Derek Hough', 'Actor/Actress', 'New York')": -0.018738224235376837,
        "('Edyta Sliwinska', 'Actor/Actress', 'Unknown')": -0.04825679110192779,
        "('Emma Slater', 'Actor/Actress', 'New York')": -0.05427164643828272,
        "('Karina Smirnoff', 'Actor/Actress', 'New York')": -0.02505793738486471,
        "('Karina Smirnoff', 'Athlete', 'Unknown')": -0.0679550569587983,
        "('Karina Smirnoff', 'Athlete', 'Washington')": -0.047852707458412636,
        "('Karina Smirnoff', 'TV Personality', 'New York')": -0.05432052907214391,
        "('Keo Motsepe', 'Actor/Actress', 'Unknown')": -0.044840075742429285,
        "('Kym Johnson', 'Singer/Rapper', 'New York')": -0.04426952748862314,
        "('Lindsay Arnold', 'Athlete', 'Georgia')": -0.019794982886046586,
        "('Louis van Amstel', 'Actor/Actress', 'California')": -0.04286842413301471,
        "('Maksim Chmerkoskiy', 'Actor/Actress', 'California')": -0.04330033042128275,
        "('Maksim Chmerkoskiy', 'Actor/Actress', 'Kansas')": -0.030907692014656974,
        "('Mark Ballas', 'Actor/Actress', 'California')": -0.035158401499902174,
        "('Mark Ballas', 'TV Personality', 'Alaska')": -0.03779557657907054,
        "('Peta Murgatroyd', 'Athlete', 'Texas')": -0.03736989795702086,
        "('Tony Dovolani', 'Actor/Actress', 'New York')": -0.05064216803300387,
        "('Tony Dovolani', 'TV Personality', 'Texas')": -0.017009158026631326,
        "('Valentin Chmerkovskiy', 'Actor/Actress', 'California')": -0.029843355164619476
    },
    "single_features": {
        "ballroom_partner": {
            "Alan Bersten": -0.009943679927898068,
            "Alec Mazo": -0.01854164891980705,
            "Allison Holker": -0.013494721063972174,
            "Anna Trebunskaya": -0.041010852588787804,
            "Artem Chigvintsev": -0.033565123233144006,
            "Chelsie Hightower": -0.02431122008367612,
            "Cheryl Burke": -0.055041814674166495,
            "Derek Hough": -0.02938357104094278,
            "Dmitry Chaplin": -0.01013556670971655,
            "Edyta Sliwinska": -0.033727203155861384,
            "Emma Slater": -0.036161174619388746,
            "Gleb Savchenko": -0.025368236192738952,
            "Jenna Johnson": -0.009472847249822898,
            "Jonathan Roberts": -0.021497557332908958,
            "Julianne Hough": -0.01124033682873171,
            "Karina Smirnoff": -0.05880022821411304,
            "Keo Motsepe": -0.03529485793756465,
            "Kym Johnson": -0.04396820041946634,
            "Lacey Schwimmer": -0.01796089163246173,
            "Lindsay Arnold": -0.019634284109426647,
            "Louis van Amstel": -0.026274738801410007,
            "Maksim Chmerkoskiy": -0.047171240000468774,
            "Mark Ballas": -0.05205648257551807,
            "Peta Murgatroyd": -0.03334719055097348,
            "Sasha Farber": -0.018841628147147637,
            "Sharna Burgess": -0.03381510375305136,
            "Tony Dovolani": -0.07598625469494939,
            "Tristan MacManus": -0.022368883729521123,
            "Valentin Chmerkovskiy": -0.0362282986017942,
            "Witney Carson": -0.02951829753441224,
            "others": -0.07583786567615747
        },
        "celebrity_industry": {
            "Actor/Actress": -0.28912574597408636,
            "Athlete": -0.23308964389478504,
            "Comedian": -0.03750859759308227,
            "Entrepreneur": -0.012866950253256154,
            "Model": -0.05537993662572107,
            "Racing Driver": -0.009829708608520287,
            "Radio Personality": -0.015905604512190787,
            "Singer/Rapper": -0.15323479839511447,
            "Social Media Personality": -0.00783948401614582,
            "TV Personality": -0.14127206941436368,
            "others": -0.04394746071273408
        },
        "celebrity_homestate": {
            "Alabama": -0.008761003928844156,
            "California": -0.17879161792365023,
            "Connecticut": -0.013703468276278696,
            "Florida": -0.03787501930537655,
            "Georgia": -0.025846221870333762,
            "Hawaii": -0.005128419815225966,
            "Illinois": -0.038702387449910114,
            "Indiana": -0.013033417236843384,
            "Iowa": -0.01613394382431993,
            "Kansas": -0.016189762628900588,
            "Kentucky": -0.020565059926959884,
            "Louisiana": -0.011138566667432518,
            "Maryland": -0.018717971344979066,
            "Massachusetts": -0.01679606686384777,
            "Michigan": -0.017206089267462848,
            "Mississippi": -0.00921250417751118,
            "Missouri": -0.015851912817631195,
            "New Jersey": -0.030587681046462808,
            "New York": -0.12210468211508121,
            "North Carolina": -0.009358675362193212,
            "Ohio": -0.03224383185493392,
            "Oregon": -0.008315607654478765,
            "Pennsylvania": -0.028299545201735266,
            "South Carolina": -0.012241694038907163,
            "Texas": -0.04947303868843205,
            "Unknown": -0.1441908706144621,
            "Virginia": -0.016216394952092924,
            "Washington": -0.01056923023314527,
            "others": -0.07274531491256736
        }
    }
}